Steve Mussmann	http://web.stanford.edu/~mussmann/	phd	Percy Liang	cs	mussmann@stanford.edu
Tatsu Hashimoto		postdoc	Percy Liang, John Duchi	cs, stats	thashim@stanford.edu
Neal Jean	http://nealjean.com	phd	Stefano Ermon	ee	nealjean@stanford.edu
Braden Hancock	https://www.linkedin.com/in/bradenhancock	phd	Chris Re	cs	bradenjh@cs.stanford.edu
Steve Yadlowsky	http://stanford.edu/~syadlows/	phd	John Duchi, Chris Re	ee, stats	syadlows@stanford.edu
Alex Ratner		phd	Chris Re	cs	ajratner@stanford.edu
Paroma Varma	http://stanford.edu/~paroma	phd	Chris Re	ee	paroma@stanford.edu
Ioannis Mitliagkas	http://mitliagkas.github.io/	postdoc	Chris Re	cs, stats	imit@stanford.edu
Jacob Steinhardt	http://cs.stanford.edu/~jsteinhardt/	phd	Percy Liang	cs	jsteinhardt@cs.stanford.edu
Bryan He	http://ai.stanford.edu/~bryanhe/	phd	Chris Re	cs	bryanhe@stanford.edu
Fereshte Khani		phd	Percy Liang	cs	
Chris De Sa	http://stanford.edu/~cdesa	phd	Kunle Olukotun, Chris Re	ee	cdesa@stanford.edu
Pang Wei Koh	http://cs.stanford.edu/~pangwei	phd	Percy Liang	cs	pangwei@cs.stanford.edu
Jian Zhang	http://cs.stanford.edu/people/zjian	phd	Chris Re	cs	zjian@cs.stanford.edu
Aman Sinha	http://amansinha.org	phd	John Duchi, Nick Bambos	ee	amans@stanford.edu
Yair Carmon		phd	John Duchi	ee	yairc@stanford.edu
Vatsal Sharan		phd	Greg Valiant	ee	vsharan@stanford.edu
Tim Shi	http://timshi.xyz	phd	Percy Liang	cs	tianlins@cs.stanford.edu
Aditya Grover	http://aditya-grover.github.io	phd	Stefano Ermon	cs	adityag@cs.stanford.edu
Robin Jia	http://stanford.edu/~robinjia/	phd	Percy Liang	cs	robinjia@stanford.edu
Jonathan Kuck		phd	Stefano Ermon	cs	kuck@stanford.edu
Stephen Bach	http://stephenbach.net	postdoc	Chris Re, Jure Leskovec	cs	bach@cs.stanford.edu
Volodymyr Kuleshov	http://web.stanford.edu/~kuleshov/	phd	Serafim Batzoglou, Stefano Ermon	cs	kuleshov@cs.stanford.edu
Hongseok Namkoong	http://web.stanford.edu/~hnamk	phd	John Duchi, Peter Glynn	mse	hnamk@stanford.edu